{
"start":[51,82],
"mobcap":5,
"tiles":{
"51,86":[{"type":"gateway","dimension":"overworld","pos":[53,71]}],
"47,7":[{"type":"gateway","dimension":"overworld","pos":[54,47]}],
"35,53":[{"type":"gateway","dimension":"dungeon","pos":[48,49]}],
"75,54":[{"type":"spawner","stats":{"type":"'slime'","hp":"random.randint(3,10)","att":"random.randint(1,5)","spd":"15"},"spawntick":5,"spawnchance":50,"cgen":0}]
},
"npcs":{
"Jenner":{"start":[48,72],"msg":"Hmmm... I heard there was an unused room along one of these halls","sheet":"assets\\living\\npcs\\Male vilager 5.png"},
"Major Tom":{"start":[47,28],"msg":"There's something wrong... noises from that hall...","sheet":"assets\\living\\npcs\\dark 2 male guard.png"},
"Eleras":{"start":[75,43],"msg":"There are... noises... from the unused hall...","sheet":"assets\\living\\npcs\\female vilager 10.png"}
}
}