{
"start":[66,11],
"mobcap":7,
"tiles":{
"48,45":[{"type":"message","msg":"Wrong way."}],
"52,49":[{"type":"message","msg":"Wrong way."}],
"48,53":[{"type":"message","msg":"Wrong way."}],
"44,49":[{"type":"message","msg":"This way."}],
"48,92":[{"type":"message","msg":"Come this way now."}],
"56,52":[{"type":"gateway","dimension":"castle","pos":[35,51]}],
"1,1":[{"type":"gateway","dimension":"overworld","pos":[80,31]}],
"65,14":[{"type":"spawner","stats":{"type":"'skeleton'","hp":"random.randint(5,20)","att":"random.randint(3,10)","spd":"20"},"spawntick":15,"spawnchance":25,"cgen":1}]
},
"npcs":{
}
}