{
"start":[51,2],
"mobcap":10,
"tiles":{
"53,16":[{"type":"message","msg":"Welcome to Engleport, home of the mythical Black Wight."}],
"86,56":[{"type":"message","msg":"Welcome to Engleport, home of the mythical Black Wight."}],
"51,71":[{"type":"message","msg":"Engleport Castle"}],
"53,69":[{"type":"gateway","dimension":"castle","pos":[51,84]}],
"54,49":[{"type":"gateway","dimension":"castle","pos":[47,5]}],
"40,24":[{"type":"spawner","stats":{"type":"'slime'","hp":"random.randint(3,10)","att":"random.randint(1,5)","spd":"15"},"spawntick":5,"spawnchance":50,"cgen":0}]
},
"npcs":{
"Oggie":{"start":[37,68],"msg":"How did you get up here?!?","sheet":"assets\\living\\npcs\\Light male guard.png"},
"Amalia":{"start":[54,43],"msg":"What be your business?","sheet":"assets\\living\\npcs\\Light female guard.png"},
"Heeraldoh":{"start":[73,44],"msg":"An adventurer! Sir, have you heard the story of the Black Wight?","sheet":"assets\\living\\npcs\\dark 2 male guard.png"},
"Quinn":{"start":[73,69],"msg":"I've got half a mind to arrest you...","sheet":"assets\\living\\npcs\\Light male guard.png"},
"Regara":{"start":[43,37],"msg":"Wow! A new guy! Do you want treasure? If so, go find Vimes!","sheet":"assets\\living\\npcs\\female vilager 20.png"},
"Vimes":{"start":[43,77],"msg":"Hello! Guess what! I found an entrance to a hidden dungeon in the castle!","sheet":"assets\\living\\npcs\\Male vilager 15.png"},
"Rjinswind":{"start":[81,31],"msg":"Hiya! (I'm learning KUNG FU)","sheet":"assets\\living\\npcs\\Male vilager 4.png"},
"Ekary":{"start":[55,81],"msg":"Up Left Up Right Down","sheet":"assets\\living\\npcs\\female vilager 8.png"}
}
}