{
"start":[0,0],
"mobcap":10,
"tiles":{
"15,12":[{"type":"message","msg":"I am a sign"}],
"9,7":[{"type":"message","msg":"I am also a sign"}],
"27,22":[{"type":"message","msg":"Welcome to IdiotVille"}],
"35,41":[{"type":"floor","floor":"signpost.dirt.png"},{"type":"message","msg":"An idiot's very own home"}],
"33,29":[{"type":"floor","floor":"water.png"}],
"22,30":[{"type":"floor","floor":"stone.wall.png"},{"type":"collider"}],
"29,8":[{"type":"spawner","stats":{"type":"'slime'","hp":"random.randint(3,10)","att":"random.randint(1,5)","spd":"15"},"spawntick":5,"spawnchance":50}],
"35,7":[{"type":"gateway","dimension":"dungeon","pos":[15,45]}]
},
"npcs":{
"Relaris":{"start":[29,36],"center":[35,42],"msg":"Hello, adventurer!","sheet":"assets\\character\\gen_people\\download (15).png"}
}
}