{
"grass":{
"id":"00",
"type":"vary",
"color":[0,255,0],
"paths":[
["grass.png",97],
["grass.flowers.white.png",3]
],
"flags":["rotate"]
},
"stone":{
"id":"01",
"type":"vary",
"color":[170,170,170],
"paths":[
["stone.clean.png",75],
["stone.moss.png",5],
["stone.cracked.png",20]
],
"flags":[]
},
"stonewall":{
"id":"02",
"type":"static",
"color":[120,120,120],
"path":"stone.wall.png",
"flags":["collider"]
},
"path":{
"id":"03",
"type":"procedural",
"color":[255,106,0],
"flags":["path"],
"top":"path",
"fallback":"center",
"variants":{
"corner":{
"apos":[
[0,"0110"],
[90,"0011"],
[180,"1001"],
[270,"1100"]
]
}
}
},
"signpost":{
"id":"04",
"type":"adj-conditional",
"color":[180,120,0],
"conditions":{
"n=01":"signpost.stone.png",
"n=02":"signpost.stone.png",
"n=00":"signpost.grass.png"
},
"flags":[]
},
"water":{
"id":"05",
"type":"static",
"color":[0,0,255],
"path":"water.png",
"flags":["collider"]
},
"thatch":{
"id":"05",
"type":"roof",
"color":[153,153,51],
"path":"thatch.png",
"floor":"dirtfloor.png",
"flags":[]
},
"gateway-dungeon":{
"id":"06",
"type":"static",
"color":[0,0,0],
"path":"gateway.dungeon.png",
"flags":[]
},
"gateway-overworld":{
"id":"07",
"type":"static",
"color":[0,88,0],
"path":"gateway.overworld.png",
"flags":[]
},
"shiny":{
"id":"08",
"type":"static",
"color":[255,255,0],
"path":"star.png",
"flags":[]
}
}