{
"body":[["light","dark","dark2","tanned","tanned2"]],
"sex":[["male","female"]],
"hair":{"sex=male":[["plain","page"],["raven","blonde","white","brunette"]],"sex=female":[["bangslong","loose"],["raven","blonde","white","brunette"]]},
"eyes":[["brown","blue","gray","green","purple"]],
"legs":[["pants"],["magenta","red","teal","white"]],
"ears":[["none","big","elven"]],
"clothes":{"sex=male":[["longsleeve"],["brown","teal","maroon","white"]],"sex=female":[["tunic"],["brown","teal","maroon","white"]]},
"armor":[["none","leather"]],
"shoes":[["shoes"],["black","brown","maroon"]],
"hat":[["bandana_red","cap_leather","chain"]]
}